<?xml version="1.0" encoding="UTF-8"?>
<beans:beans xmlns="http://www.springframework.org/schema/security" 
xmlns:beans="http://www.springframework.org/schema/beans" 
xmlns:xsi="http://www.w3.org/2001/XMLSchema-instance"
	xsi:schemaLocation="http://www.springframework.org/schema/security http://www.springframework.org/schema/security/spring-security.xsd
		http://www.springframework.org/schema/beans http://www.springframework.org/schema/beans/spring-beans.xsd">

		<!-- 기본 설정-->
	<http>
		<intercept-url pattern="/admin/admin" access="hasRole('ADMIN')" />
		<form-login />
		<logout />
	</http>

	<!-- provider -->
	<authentication-manager>
		<authentication-provider>
			<user-service>
				<user name="admin" password="1234" authorities="ROLE_ADMIN" />
			</user-service>
		</authentication-provider>
	</authentication-manager>
</beans:beans>